{"cameraMode":{"drawMode":0,"name":"Shaded","section":"Shading Mode"},"sceneLighting":true,"audioPlay":false,"sceneViewState":{"m_AlwaysRefresh":false,"showFog":true,"showSkybox":true,"showFlares":true,"showImageEffects":true,"showParticleSystems":true,"showVisualEffectGraphs":true,"m_FxEnabled":true},"in2DMode":false,"pivot":{"x":-5.280185699462891,"y":-0.17853301763534547,"z":-2.5445709228515627},"rotation":{"x":0.05873226374387741,"y":-0.8617851138114929,"z":0.10260232537984848,"w":0.49330830574035647},"size":4.126312255859375,"orthographic":true}