{"cameraMode":{"drawMode":0,"name":"Shaded","section":"Shading Mode"},"sceneLighting":false,"audioPlay":false,"sceneViewState":{"m_AlwaysRefresh":false,"showFog":true,"showSkybox":false,"showFlares":true,"showImageEffects":true,"showParticleSystems":true,"showVisualEffectGraphs":true,"m_FxEnabled":true},"in2DMode":false,"pivot":{"x":5.960464477539063e-8,"y":0.8072789907455444,"z":0.07532685250043869},"rotation":{"x":-0.07040615379810333,"y":0.8895967602729797,"z":-0.14675846695899964,"w":-0.42677202820777895},"size":1.3200602531433106,"orthographic":true}